UserId, SongId, ListenDuration
935931900,1.6006884E+09,0
935931900,1.6006884E+09,0
935931900,1.6006884E+09,0
935931900,1.6006884E+09,0
935931900,1.6006884E+09,0
935931900,1.6006884E+09,0
